snapshot_d,model,n,base_rate,auc,brier,expected,realized,exp_over_real
90,static_histgb,1233,0.32278994322789945,0.8725197845515,0.13223044423632543,426.62888446718296,398,1.0719318705205603
90,xgb_aft,1233,0.32278994322789945,0.8532332320284055,0.14344781869996068,379.1005196928503,398,0.9525138685750008
90,discrete_time_hazard,1233,0.32278994322789945,0.8718668191255678,0.13167612254619598,415.0489807128906,398,1.0428366349570115
90,random_survival_forest,1233,0.32278994322789945,0.8189179430084554,0.16002486646175385,393.157470703125,398,0.9878328409626256
90,gradient_boosted_cox,1233,0.32278994322789945,0.8439502903740258,0.1529887467622757,421.6995849609375,398,1.0595466958817525
90,weibull_aft,1233,0.32278994322789945,0.7874552402732224,0.17069508135318756,325.90374755859375,398,0.8188536370818938
90,lognormal_aft,1233,0.32278994322789945,0.7903589805313995,0.16988959908485413,332.8753967285156,398,0.836370343538984
90,loglogistic_aft,1233,0.32278994322789945,0.7934432642253181,0.16974736750125885,320.94696044921875,398,0.8063993981136149
60,static_histgb,2471,0.26750303520841767,0.8760938975769176,0.12238601668961953,764.8352181868034,661,1.1570880759255726
60,xgb_aft,2471,0.26750303520841767,0.8593688618450197,0.13102807141597994,607.3885706719193,661,0.9188934503357327
60,discrete_time_hazard,2471,0.26750303520841767,0.8760633896406751,0.11890406906604767,691.8358764648438,661,1.046650342609446
60,random_survival_forest,2471,0.26750303520841767,0.8157145125834789,0.15022221207618713,588.7011108398438,661,0.8906219528590678
60,gradient_boosted_cox,2471,0.26750303520841767,0.842687289474344,0.1394621878862381,674.19873046875,661,1.019967822191755
60,weibull_aft,2471,0.26750303520841767,0.7855998361765615,0.1548113077878952,639.5274658203125,661,0.9675150768839826
60,lognormal_aft,2471,0.26750303520841767,0.7837676883342668,0.15692786872386932,604.48486328125,661,0.9145005495934191
60,loglogistic_aft,2471,0.26750303520841767,0.7891454434516595,0.15527808666229248,609.161865234375,661,0.9215761955134266
30,static_histgb,5317,0.20067707353770922,0.8896695517944759,0.10331478787226353,1381.0754015431132,1067,1.2943537034143517
30,xgb_aft,5317,0.20067707353770922,0.870970064501902,0.10966229595320579,917.8299502730722,1067,0.8601967668913516
30,discrete_time_hazard,5317,0.20067707353770922,0.8922414686586913,0.09555666148662567,1169.0316162109375,1067,1.0956247574610474
30,random_survival_forest,5317,0.20067707353770922,0.8300512707425989,0.12953147292137146,756.0224609375,1067,0.7085496353678538
30,gradient_boosted_cox,5317,0.20067707353770922,0.8561718948122828,0.11547280848026276,981.0164794921875,1067,0.9194156321388823
30,weibull_aft,5317,0.20067707353770922,0.8091535365786426,0.12293284386396408,1114.02978515625,1067,1.0440766496309748
30,lognormal_aft,5317,0.20067707353770922,0.8020101438888582,0.12733210623264313,990.1221313476562,1067,0.9279495139153292
30,loglogistic_aft,5317,0.20067707353770922,0.806929929985115,0.12568728625774384,1029.7777099609375,1067,0.965115004649426
14,static_histgb,8599,0.15234329573206187,0.8978552330762971,0.08569461330605004,1815.0072811634022,1310,1.3855017413461086
14,xgb_aft,8599,0.15234329573206187,0.8842513397265983,0.09129171011274298,939.9402632438185,1310,0.7175116513311592
14,discrete_time_hazard,8599,0.15234329573206187,0.9027593602825129,0.07569430023431778,1390.041015625,1310,1.061100011927481
14,random_survival_forest,8599,0.15234329573206187,0.8370923874624421,0.11217198520898819,686.1820678710938,1310,0.5238031052451098
14,gradient_boosted_cox,8599,0.15234329573206187,0.8608252632064001,0.09863536059856415,953.4761962890625,1310,0.7278444246481394
14,weibull_aft,8599,0.15234329573206187,0.8291591219227131,0.09826383739709854,1104.1739501953125,1310,0.842880878011689
14,lognormal_aft,8599,0.15234329573206187,0.8235017421420335,0.10450110584497452,974.2158203125,1310,0.7436761987118321
14,loglogistic_aft,8599,0.15234329573206187,0.8288784522112689,0.10230865329504013,1014.9043579101562,1310,0.7747361510764551
7,static_histgb,11269,0.11287603159109061,0.8957493851929164,0.0741267167557465,1991.7341246569679,1272,1.5658287143529621
7,xgb_aft,11269,0.11287603159109061,0.880808228317552,0.07717481444170163,798.0848049809503,1272,0.6274251611485459
7,discrete_time_hazard,11269,0.11287603159109061,0.9025781240661508,0.06142514944076538,1315.5390625,1272,1.0342288227201257
7,random_survival_forest,11269,0.11287603159109061,0.828222602000726,0.09220784902572632,532.2489013671875,1272,0.4184346708861537
7,gradient_boosted_cox,11269,0.11287603159109061,0.85776955570948,0.0822003185749054,729.04345703125,1272,0.5731473718799135
7,weibull_aft,11269,0.11287603159109061,0.8388214970780542,0.08291485160589218,797.626953125,1272,0.6270652147209119
7,lognormal_aft,11269,0.11287603159109061,0.8344165199245307,0.08696114271879196,720.6656494140625,1272,0.5665610451368416
7,loglogistic_aft,11269,0.11287603159109061,0.83927320491745,0.08572954684495926,740.3155517578125,1272,0.5820090815706073
3,static_histgb,13897,0.07677916096999353,0.8734733860204928,0.065343675003028,2097.5958321186145,1067,1.9658817545629002
3,xgb_aft,13897,0.07677916096999353,0.8605340473541612,0.05887646430474318,644.7283869997029,1067,0.6042440365507994
3,discrete_time_hazard,13897,0.07677916096999353,0.8887525649014105,0.04715016484260559,1084.4129638671875,1067,1.0163195537649368
3,random_survival_forest,13897,0.07677916096999353,0.8035131022724533,0.06785464286804199,387.333251953125,1067,0.36301148261773664
3,gradient_boosted_cox,13897,0.07677916096999353,0.8395926180512083,0.06238275021314621,468.7807312011719,1067,0.43934464030100456
3,weibull_aft,13897,0.07677916096999353,0.824194809055919,0.06498207896947861,476.3212890625,1067,0.44641170483833176
3,lognormal_aft,13897,0.07677916096999353,0.8237070668923366,0.06576250493526459,461.5347900390625,1067,0.4325536926326734
3,loglogistic_aft,13897,0.07677916096999353,0.8278274910680437,0.06559225916862488,454.49609375,1067,0.42595697633552015
1,static_histgb,15656,0.03889882473173224,0.8299004116603226,0.05304249361238464,1986.271606176065,609,3.2615297309951807
1,xgb_aft,15656,0.03889882473173224,0.8394612043729865,0.03397825651718898,332.73064770248556,609,0.5463557433538351
1,discrete_time_hazard,15656,0.03889882473173224,0.8614773327099992,0.027800671756267548,605.1720581054688,609,0.9937143811255644
1,random_survival_forest,15656,0.03889882473173224,0.7758579221340729,0.03687376156449318,182.25225830078125,609,0.2992647919553058
1,gradient_boosted_cox,15656,0.03889882473173224,0.8051745472287544,0.03542860597372055,196.02706909179688,609,0.32188352888636595
1,weibull_aft,15656,0.03889882473173224,0.7880544081745833,0.03672461584210396,183.89013671875,609,0.3019542474856322
1,lognormal_aft,15656,0.03889882473173224,0.7935674568890493,0.03664568439126015,179.55661010742188,609,0.29483844024207206
1,loglogistic_aft,15656,0.03889882473173224,0.7957801188460065,0.03671303391456604,174.99119567871094,609,0.28734186482546953
